order_id,item_id,product_id,quantity,list_price,discount
1,1,20,1,599.99,0.2
1,2,8,2,1799.99,0.07
1,3,10,2,1549,0.05
1,4,16,2,599.99,0.05
1,5,4,1,2899.99,0.2
2,1,20,1,599.99,0.07
2,2,16,2,599.99,0.05
3,1,3,1,999.99,0.05
3,2,20,1,599.99,0.05
4,1,2,2,749.99,0.1
5,1,10,2,1549,0.05
5,2,17,1,429,0.07
5,3,26,1,599.99,0.07
6,1,18,1,449,0.07
6,2,12,2,549.99,0.05
6,3,20,1,599.99,0.1
6,4,3,2,999.99,0.07
6,5,9,2,2999.99,0.07
7,1,15,1,529.99,0.07
7,2,3,1,999.99,0.1
7,3,17,2,429,0.1
8,1,22,1,269.99,0.05
8,2,20,2,599.99,0.07
9,1,7,2,3999.99,0.1
10,1,14,1,269.99,0.1
11,1,8,1,1799.99,0.05
11,2,22,2,269.99,0.1
11,3,16,2,599.99,0.2
12,1,4,2,2899.99,0.1
12,2,11,1,1680.99,0.05
13,1,13,1,269.99,0.1
13,2,17,2,429,0.05
13,3,20,2,599.99,0.1
13,4,16,2,599.99,0.05
14,1,6,1,469.99,0.07
15,1,12,2,549.99,0.07
15,2,8,1,1799.99,0.07
15,3,18,2,449,0.05
15,4,23,2,299.99,0.2
16,1,8,1,1799.99,0.2
16,2,21,1,269.99,0.05
16,3,13,2,269.99,0.07
16,4,14,1,269.99,0.07
17,1,8,1,1799.99,0.07
17,2,23,1,299.99,0.1
17,3,5,1,1320.99,0.1
17,4,20,2,599.99,0.2
18,1,2,2,749.99,0.2
18,2,22,1,269.99,0.05
18,3,7,1,3999.99,0.1
18,4,25,2,499.99,0.05
18,5,9,2,2999.99,0.1
19,1,10,1,1549,0.07
19,2,9,2,2999.99,0.2
20,1,9,1,2999.99,0.07
20,2,10,2,1549,0.07
21,1,14,1,269.99,0.05
21,2,17,1,429,0.1
21,3,10,1,1549,0.07
22,1,15,2,529.99,0.2
22,2,22,1,269.99,0.05
23,1,4,2,2899.99,0.05
23,2,23,2,299.99,0.1
23,3,13,1,269.99,0.2
24,1,3,2,999.99,0.1
24,2,18,2,449,0.07
25,1,23,2,299.99,0.2
25,2,10,2,1549,0.2
25,3,22,1,269.99,0.2
25,4,14,1,269.99,0.2
25,5,21,1,269.99,0.1
26,1,7,1,3999.99,0.05
26,2,2,1,749.99,0.2
26,3,12,1,549.99,0.2
26,4,21,2,269.99,0.07
27,1,5,1,1320.99,0.2
27,2,19,1,449,0.2
27,3,26,2,599.99,0.07
27,4,8,1,1799.99,0.07
28,1,5,1,1320.99,0.05
28,2,7,2,3999.99,0.2
28,3,14,2,269.99,0.1
28,4,6,1,469.99,0.05
29,1,24,2,549.99,0.05
29,2,6,1,469.99,0.2
29,3,21,2,269.99,0.1
29,4,8,1,1799.99,0.2
29,5,14,2,269.99,0.05
30,1,26,1,599.99,0.05
30,2,17,1,429,0.07
30,3,19,1,449,0.1
30,4,4,1,2899.99,0.1
30,5,7,2,3999.99,0.1
31,1,11,2,1680.99,0.05
31,2,9,2,2999.99,0.2
32,1,8,2,1799.99,0.07
32,2,12,2,549.99,0.07
32,3,25,2,499.99,0.1
33,1,23,2,299.99,0.07
33,2,7,1,3999.99,0.1
34,1,8,2,1799.99,0.07
34,2,10,2,1549,0.1
34,3,17,2,429,0.2
35,1,18,1,449,0.05
35,2,20,2,599.99,0.05
35,3,5,1,1320.99,0.2
35,4,21,2,269.99,0.07
35,5,22,1,269.99,0.07
36,1,9,1,2999.99,0.07
36,2,5,1,1320.99,0.05
36,3,3,2,999.99,0.2
37,1,16,2,599.99,0.05
38,1,7,2,3999.99,0.05
38,2,23,1,299.99,0.07
38,3,25,1,499.99,0.2
38,4,10,2,1549,0.1
38,5,24,1,549.99,0.07
39,1,22,2,269.99,0.2
39,2,16,2,599.99,0.2
39,3,3,2,999.99,0.05
39,4,15,1,529.99,0.1
40,1,17,1,429,0.2
40,2,8,2,1799.99,0.2
41,1,5,1,1320.99,0.1
41,2,19,2,449,0.2
41,3,26,2,599.99,0.2
42,1,19,1,449,0.05
43,1,13,2,269.99,0.1
43,2,12,2,549.99,0.05
44,1,7,1,3999.99,0.1
44,2,16,1,599.99,0.05
45,1,4,2,2899.99,0.2
45,2,22,1,269.99,0.07
45,3,21,2,269.99,0.05
46,1,17,1,429,0.1
47,1,6,1,469.99,0.05
47,2,15,1,529.99,0.1
47,3,25,2,499.99,0.07
47,4,13,1,269.99,0.2
48,1,11,1,1680.99,0.1
48,2,4,1,2899.99,0.2
48,3,5,2,1320.99,0.1
48,4,14,2,269.99,0.07
49,1,13,2,269.99,0.07
50,1,3,1,999.99,0.05
50,2,26,2,599.99,0.07
50,3,13,2,269.99,0.2
51,1,13,1,269.99,0.05
51,2,20,1,599.99,0.05
51,3,26,2,599.99,0.2
52,1,25,1,499.99,0.07
53,1,8,2,1799.99,0.2
53,2,23,2,299.99,0.05
53,3,14,2,269.99,0.2
53,4,25,2,499.99,0.1
54,1,26,2,599.99,0.2
54,2,3,1,999.99,0.2
55,1,21,1,269.99,0.05
55,2,25,2,499.99,0.2
55,3,15,2,529.99,0.2
56,1,20,2,599.99,0.07
57,1,23,2,299.99,0.1
57,2,19,2,449,0.2
57,3,13,1,269.99,0.07
58,1,14,2,269.99,0.05
58,2,18,1,449,0.07
58,3,23,1,299.99,0.1
59,1,21,1,269.99,0.05
59,2,2,1,749.99,0.1
59,3,17,2,429,0.1
60,1,14,2,269.99,0.05
60,2,4,1,2899.99,0.1
60,3,15,1,529.99,0.07
60,4,22,1,269.99,0.2
61,1,25,1,499.99,0.1
61,2,15,2,529.99,0.05
61,3,5,2,1320.99,0.2
62,1,14,1,269.99,0.07
62,2,8,2,1799.99,0.1
62,3,22,2,269.99,0.1
63,1,25,2,499.99,0.1
63,2,19,2,449,0.05
63,3,3,1,999.99,0.1
64,1,25,2,499.99,0.1
64,2,22,2,269.99,0.2
64,3,23,2,299.99,0.2
64,4,24,2,549.99,0.1
65,1,12,1,549.99,0.1
66,1,2,1,749.99,0.2
66,2,23,1,299.99,0.07
66,3,12,1,549.99,0.07
67,1,23,2,299.99,0.2
67,2,12,2,549.99,0.1
67,3,21,1,269.99,0.2
67,4,5,2,1320.99,0.1
67,5,19,1,449,0.2
68,1,13,2,269.99,0.07
68,2,17,1,429,0.1
69,1,22,2,269.99,0.1
69,2,5,1,1320.99,0.2
69,3,10,1,1549,0.05
70,1,3,2,999.99,0.05
70,2,18,1,449,0.2
70,3,20,1,599.99,0.05
71,1,26,2,599.99,0.05
71,2,24,1,549.99,0.2
71,3,18,1,449,0.1
72,1,17,2,429,0.07
72,2,12,1,549.99,0.05
72,3,13,2,269.99,0.1
73,1,22,1,269.99,0.07
73,2,26,2,599.99,0.05
73,3,3,2,999.99,0.07
73,4,25,1,499.99,0.07
73,5,23,2,299.99,0.2
74,1,16,2,599.99,0.05
74,2,6,1,469.99,0.07
75,1,3,1,999.99,0.1
75,2,7,2,3999.99,0.07
75,3,15,1,529.99,0.2
76,1,12,1,549.99,0.05
76,2,11,2,1680.99,0.1
76,3,5,1,1320.99,0.07
77,1,20,1,599.99,0.07
77,2,24,2,549.99,0.1
77,3,26,1,599.99,0.2
77,4,25,1,499.99,0.2
78,1,17,1,429,0.07
78,2,19,1,449,0.2
78,3,18,2,449,0.1
78,4,14,2,269.99,0.1
79,1,9,2,2999.99,0.1
79,2,17,2,429,0.05
79,3,6,1,469.99,0.1
79,4,25,2,499.99,0.07
80,1,26,1,599.99,0.1
80,2,24,1,549.99,0.1
80,3,17,1,429,0.2
81,1,10,2,1549,0.2
81,2,23,2,299.99,0.05
81,3,25,2,499.99,0.05
82,1,25,2,499.99,0.1
82,2,11,2,1680.99,0.2
83,1,20,1,599.99,0.2
83,2,3,2,999.99,0.05
84,1,23,2,299.99,0.07
84,2,15,2,529.99,0.07
85,1,4,2,2899.99,0.05
85,2,18,1,449,0.07
86,1,9,2,2999.99,0.1
86,2,23,2,299.99,0.07
86,3,21,2,269.99,0.2
86,4,15,1,529.99,0.1
87,1,20,2,599.99,0.2
87,2,23,2,299.99,0.1
88,1,10,1,1549,0.07
88,2,8,2,1799.99,0.1
88,3,7,1,3999.99,0.1
89,1,5,1,1320.99,0.05
89,2,6,2,469.99,0.1
90,1,3,1,999.99,0.1
90,2,6,1,469.99,0.07
91,1,11,1,1680.99,0.1
91,2,25,1,499.99,0.05
91,3,15,2,529.99,0.07
91,4,13,2,269.99,0.07
92,1,8,1,1799.99,0.1
93,1,22,2,269.99,0.07
93,2,17,1,429,0.05
93,3,21,1,269.99,0.1
93,4,2,1,749.99,0.2
93,5,10,2,1549,0.07
94,1,12,1,549.99,0.05
94,2,4,1,2899.99,0.2
94,3,11,1,1680.99,0.2
94,4,21,2,269.99,0.07
95,1,10,2,1549,0.2
95,2,19,1,449,0.1
95,3,8,2,1799.99,0.2
95,4,20,2,599.99,0.05
96,1,26,1,599.99,0.1
96,2,23,1,299.99,0.05
97,1,20,2,599.99,0.2
97,2,2,1,749.99,0.07
97,3,6,2,469.99,0.2
97,4,19,1,449,0.1
98,1,19,1,449,0.07
98,2,21,1,269.99,0.1
98,3,2,1,749.99,0.2
98,4,22,2,269.99,0.2
99,1,13,1,269.99,0.2
99,2,21,1,269.99,0.2
99,3,25,2,499.99,0.05
99,4,7,2,3999.99,0.07
99,5,23,2,299.99,0.2
100,1,12,2,549.99,0.05
100,2,11,2,1680.99,0.1
100,3,7,2,3999.99,0.2
100,4,16,2,599.99,0.2
100,5,24,2,549.99,0.1
101,1,12,2,549.99,0.2
102,1,15,1,529.99,0.05
102,2,22,1,269.99,0.07
103,1,17,1,429,0.07
103,2,3,1,999.99,0.05
103,3,18,1,449,0.2
103,4,15,2,529.99,0.1
103,5,9,2,2999.99,0.1
104,1,19,2,449,0.1
104,2,26,1,599.99,0.05
105,1,11,2,1680.99,0.2
105,2,3,1,999.99,0.05
105,3,9,1,2999.99,0.05
106,1,17,1,429,0.1
106,2,13,2,269.99,0.1
107,1,19,1,449,0.2
107,2,13,2,269.99,0.1
108,1,11,1,1680.99,0.1
108,2,22,2,269.99,0.07
108,3,16,2,599.99,0.05
109,1,22,2,269.99,0.1
109,2,6,1,469.99,0.07
110,1,14,1,269.99,0.1
111,1,14,1,269.99,0.1
111,2,12,2,549.99,0.07
112,1,23,2,299.99,0.2
112,2,25,2,499.99,0.07
112,3,24,2,549.99,0.05
112,4,5,1,1320.99,0.2
113,1,12,2,549.99,0.07
113,2,24,2,549.99,0.1
113,3,6,1,469.99,0.07
113,4,23,1,299.99,0.2
113,5,5,2,1320.99,0.2
114,1,12,1,549.99,0.05
114,2,2,1,749.99,0.07
114,3,13,2,269.99,0.1
115,1,22,1,269.99,0.2
115,2,19,1,449,0.1
116,1,26,1,599.99,0.05
117,1,22,2,269.99,0.2
117,2,26,1,599.99,0.05
117,3,14,1,269.99,0.2
117,4,19,1,449,0.05
118,1,18,1,449,0.07
118,2,4,1,2899.99,0.07
118,3,6,1,469.99,0.07
118,4,3,2,999.99,0.1
118,5,23,2,299.99,0.07
119,1,25,1,499.99,0.05
120,1,13,2,269.99,0.05
120,2,6,2,469.99,0.05
120,3,10,2,1549,0.05
120,4,17,1,429,0.05
120,5,16,2,599.99,0.2
121,1,5,1,1320.99,0.2
121,2,14,2,269.99,0.1
121,3,4,2,2899.99,0.1
121,4,24,2,549.99,0.07
121,5,2,2,749.99,0.05
122,1,16,1,599.99,0.1
123,1,12,2,549.99,0.1
124,1,16,1,599.99,0.05
124,2,4,1,2899.99,0.07
124,3,7,2,3999.99,0.05
125,1,17,1,429,0.1
126,1,9,2,2999.99,0.05
127,1,17,1,429,0.07
127,2,20,1,599.99,0.1
127,3,4,2,2899.99,0.07
128,1,24,2,549.99,0.1
128,2,16,2,599.99,0.1
128,3,4,2,2899.99,0.2
128,4,3,2,999.99,0.2
129,1,18,1,449,0.1
129,2,9,1,2999.99,0.1
130,1,26,1,599.99,0.05
130,2,5,2,1320.99,0.07
131,1,22,2,269.99,0.2
131,2,4,2,2899.99,0.07
131,3,24,2,549.99,0.1
132,1,2,2,749.99,0.05
132,2,20,1,599.99,0.05
132,3,9,1,2999.99,0.1
133,1,13,2,269.99,0.05
133,2,22,1,269.99,0.2
134,1,19,2,449,0.1
134,2,2,2,749.99,0.07
134,3,18,2,449,0.07
135,1,5,2,1320.99,0.05
135,2,18,2,449,0.05
135,3,25,1,499.99,0.2
135,4,2,1,749.99,0.05
136,1,7,2,3999.99,0.2
136,2,3,2,999.99,0.05
137,1,23,1,299.99,0.07
137,2,22,1,269.99,0.1
138,1,16,2,599.99,0.1
138,2,6,1,469.99,0.2
139,1,19,2,449,0.07
139,2,3,1,999.99,0.07
140,1,15,1,529.99,0.2
140,2,21,1,269.99,0.2
140,3,12,2,549.99,0.2
140,4,3,1,999.99,0.05
141,1,18,1,449,0.2
142,1,16,2,599.99,0.1
142,2,11,2,1680.99,0.1
142,3,19,1,449,0.07
143,1,6,1,469.99,0.2
144,1,8,2,1799.99,0.05
145,1,11,1,1680.99,0.2
145,2,9,2,2999.99,0.1
146,1,3,2,999.99,0.2
146,2,12,1,549.99,0.1
146,3,20,2,599.99,0.1
146,4,6,2,469.99,0.05
146,5,2,1,749.99,0.07
147,1,26,2,599.99,0.2
148,1,14,1,269.99,0.05
149,1,12,2,549.99,0.07
149,2,21,2,269.99,0.07
150,1,7,1,3999.99,0.1
150,2,3,1,999.99,0.2
150,3,17,1,429,0.07
150,4,25,2,499.99,0.07
151,1,17,1,429,0.1
151,2,26,1,599.99,0.1
152,1,6,2,469.99,0.2
152,2,22,2,269.99,0.2
152,3,16,2,599.99,0.07
153,1,16,1,599.99,0.07
153,2,8,1,1799.99,0.07
153,3,15,2,529.99,0.05
154,1,12,1,549.99,0.1
155,1,8,1,1799.99,0.1
156,1,18,2,449,0.2
156,2,17,2,429,0.05
156,3,6,1,469.99,0.07
157,1,4,1,2899.99,0.1
157,2,7,2,3999.99,0.07
158,1,24,1,549.99,0.1
159,1,13,1,269.99,0.2
160,1,21,1,269.99,0.07
160,2,15,2,529.99,0.07
160,3,18,2,449,0.1
160,4,11,1,1680.99,0.05
161,1,24,2,549.99,0.07
161,2,22,1,269.99,0.05
161,3,7,2,3999.99,0.05
162,1,18,1,449,0.07
162,2,21,2,269.99,0.07
162,3,3,2,999.99,0.1
163,1,12,1,549.99,0.1
163,2,18,1,449,0.2
164,1,4,2,2899.99,0.05
164,2,10,2,1549,0.05
164,3,14,1,269.99,0.1
165,1,4,2,2899.99,0.05
165,2,23,1,299.99,0.2
165,3,2,1,749.99,0.05
166,1,10,2,1549,0.1
166,2,11,1,1680.99,0.2
167,1,12,1,549.99,0.05
167,2,10,1,1549,0.2
167,3,13,2,269.99,0.05
167,4,7,2,3999.99,0.05
168,1,6,1,469.99,0.1
168,2,11,2,1680.99,0.07
168,3,12,2,549.99,0.07
168,4,22,2,269.99,0.2
169,1,20,2,599.99,0.1
169,2,5,1,1320.99,0.05
169,3,10,1,1549,0.2
169,4,11,1,1680.99,0.2
169,5,14,2,269.99,0.05
170,1,12,2,549.99,0.1
170,2,24,1,549.99,0.05
170,3,7,1,3999.99,0.2
170,4,18,2,449,0.05
171,1,8,1,1799.99,0.05
172,1,23,1,299.99,0.07
172,2,16,1,599.99,0.2
173,1,14,1,269.99,0.05
173,2,16,1,599.99,0.2
173,3,20,2,599.99,0.05
174,1,22,2,269.99,0.2
174,2,19,2,449,0.1
175,1,5,1,1320.99,0.1
175,2,2,2,749.99,0.2
175,3,21,2,269.99,0.1
175,4,19,1,449,0.07
176,1,2,2,749.99,0.07
176,2,11,2,1680.99,0.2
176,3,16,2,599.99,0.05
177,1,20,2,599.99,0.1
178,1,10,2,1549,0.2
178,2,12,1,549.99,0.05
178,3,3,1,999.99,0.1
178,4,18,1,449,0.07
179,1,13,2,269.99,0.05
179,2,26,1,599.99,0.1
179,3,18,1,449,0.2
179,4,12,2,549.99,0.2
179,5,20,2,599.99,0.1
180,1,16,1,599.99,0.07
181,1,10,1,1549,0.05
181,2,11,1,1680.99,0.1
181,3,15,2,529.99,0.2
181,4,24,2,549.99,0.05
182,1,25,2,499.99,0.05
182,2,24,2,549.99,0.07
183,1,11,2,1680.99,0.2
183,2,12,2,549.99,0.05
183,3,19,1,449,0.07
183,4,17,1,429,0.07
184,1,4,1,2899.99,0.2
184,2,5,1,1320.99,0.1
184,3,14,1,269.99,0.1
185,1,20,1,599.99,0.1
185,2,8,1,1799.99,0.05
186,1,4,1,2899.99,0.1
186,2,6,1,469.99,0.1
187,1,5,1,1320.99,0.05
188,1,7,2,3999.99,0.07
189,1,16,2,599.99,0.2
190,1,24,1,549.99,0.05
190,2,15,1,529.99,0.2
190,3,3,2,999.99,0.2
191,1,25,1,499.99,0.05
191,2,12,2,549.99,0.2
191,3,3,1,999.99,0.07
191,4,8,2,1799.99,0.05
191,5,23,1,299.99,0.05
192,1,8,2,1799.99,0.1
192,2,25,1,499.99,0.07
192,3,2,1,749.99,0.05
192,4,24,2,549.99,0.07
192,5,10,2,1549,0.2
193,1,12,2,549.99,0.1
194,1,21,2,269.99,0.2
195,1,18,1,449,0.2
195,2,14,1,269.99,0.05
195,3,5,2,1320.99,0.2
195,4,4,2,2899.99,0.2
195,5,21,2,269.99,0.1
196,1,6,1,469.99,0.05
196,2,3,2,999.99,0.07
196,3,10,2,1549,0.07
196,4,12,1,549.99,0.07
196,5,20,1,599.99,0.1
197,1,4,2,2899.99,0.2
197,2,2,2,749.99,0.07
198,1,6,2,469.99,0.05
198,2,20,2,599.99,0.07
198,3,8,2,1799.99,0.2
198,4,13,2,269.99,0.05
198,5,17,1,429,0.05
199,1,25,2,499.99,0.05
199,2,18,2,449,0.07
199,3,4,1,2899.99,0.2
200,1,23,2,299.99,0.05
200,2,22,2,269.99,0.07
201,1,24,1,549.99,0.05
201,2,7,1,3999.99,0.2
201,3,14,2,269.99,0.1
201,4,17,1,429,0.05
202,1,8,1,1799.99,0.07
202,2,17,1,429,0.05
202,3,15,2,529.99,0.05
202,4,25,2,499.99,0.05
203,1,26,1,599.99,0.05
203,2,3,2,999.99,0.1
203,3,17,2,429,0.2
203,4,19,2,449,0.07
204,1,6,2,469.99,0.07
204,2,17,2,429,0.1
205,1,22,2,269.99,0.05
205,2,24,2,549.99,0.1
206,1,25,1,499.99,0.05
206,2,20,1,599.99,0.2
207,1,12,2,549.99,0.2
207,2,5,1,1320.99,0.05
207,3,11,2,1680.99,0.07
207,4,7,2,3999.99,0.1
208,1,6,2,469.99,0.05
208,2,4,2,2899.99,0.07
208,3,3,1,999.99,0.05
208,4,12,1,549.99,0.2
208,5,10,2,1549,0.05
209,1,13,1,269.99,0.1
210,1,14,1,269.99,0.07
210,2,13,2,269.99,0.2
211,1,10,1,1549,0.07
211,2,2,2,749.99,0.07
212,1,16,2,599.99,0.07
212,2,12,2,549.99,0.2
212,3,19,1,449,0.1
212,4,7,1,3999.99,0.2
213,1,13,1,269.99,0.1
214,1,21,1,269.99,0.1
215,1,19,1,449,0.07
215,2,12,2,549.99,0.1
216,1,22,2,269.99,0.1
216,2,16,2,599.99,0.05
217,1,18,1,449,0.1
217,2,10,2,1549,0.1
217,3,17,1,429,0.07
218,1,2,2,749.99,0.1
218,2,13,1,269.99,0.07
218,3,12,1,549.99,0.05
219,1,26,1,599.99,0.05
219,2,5,1,1320.99,0.2
220,1,6,2,469.99,0.05
220,2,25,1,499.99,0.07
220,3,22,2,269.99,0.1
220,4,3,2,999.99,0.2
221,1,11,2,1680.99,0.07
222,1,10,1,1549,0.1
222,2,2,2,749.99,0.1
223,1,7,2,3999.99,0.05
223,2,5,1,1320.99,0.2
223,3,21,2,269.99,0.1
223,4,20,1,599.99,0.05
223,5,15,1,529.99,0.05
224,1,6,1,469.99,0.07
224,2,11,2,1680.99,0.1
224,3,10,2,1549,0.2
224,4,25,1,499.99,0.05
225,1,21,1,269.99,0.1
225,2,9,1,2999.99,0.1
226,1,2,1,749.99,0.05
227,1,3,2,999.99,0.05
227,2,15,2,529.99,0.1
228,1,25,1,499.99,0.2
228,2,2,2,749.99,0.07
228,3,23,2,299.99,0.1
228,4,4,1,2899.99,0.2
228,5,22,1,269.99,0.05
229,1,25,2,499.99,0.2
229,2,5,2,1320.99,0.1
229,3,8,1,1799.99,0.2
230,1,11,2,1680.99,0.07
231,1,8,2,1799.99,0.07
231,2,14,2,269.99,0.2
231,3,5,2,1320.99,0.2
232,1,18,1,449,0.07
232,2,11,2,1680.99,0.05
232,3,26,2,599.99,0.07
232,4,8,2,1799.99,0.1
233,1,14,1,269.99,0.1
233,2,16,2,599.99,0.1
233,3,12,1,549.99,0.2
233,4,15,2,529.99,0.07
234,1,11,2,1680.99,0.2
234,2,17,2,429,0.05
234,3,12,1,549.99,0.1
234,4,7,1,3999.99,0.05
234,5,23,1,299.99,0.1
235,1,6,1,469.99,0.07
235,2,13,2,269.99,0.05
235,3,7,2,3999.99,0.05
236,1,3,2,999.99,0.07
236,2,2,2,749.99,0.1
236,3,4,2,2899.99,0.1
237,1,15,1,529.99,0.2
237,2,24,1,549.99,0.07
237,3,20,2,599.99,0.2
237,4,26,1,599.99,0.05
238,1,20,2,599.99,0.2
238,2,25,1,499.99,0.07
238,3,13,2,269.99,0.2
238,4,22,2,269.99,0.05
238,5,7,1,3999.99,0.07
239,1,16,2,599.99,0.1
239,2,21,2,269.99,0.05
239,3,18,1,449,0.07
239,4,4,2,2899.99,0.07
240,1,9,1,2999.99,0.07
240,2,8,1,1799.99,0.07
240,3,5,1,1320.99,0.07
240,4,18,2,449,0.07
241,1,7,1,3999.99,0.2
242,1,3,1,999.99,0.2
243,1,25,2,499.99,0.05
243,2,19,2,449,0.07
243,3,7,2,3999.99,0.05
244,1,19,1,449,0.07
244,2,25,1,499.99,0.2
244,3,22,1,269.99,0.1
245,1,10,2,1549,0.05
245,2,8,1,1799.99,0.1
246,1,17,2,429,0.2
247,1,25,1,499.99,0.07
247,2,3,1,999.99,0.2
248,1,13,1,269.99,0.1
248,2,26,2,599.99,0.1
248,3,17,1,429,0.1
248,4,9,1,2999.99,0.2
249,1,7,2,3999.99,0.05
249,2,18,2,449,0.05
249,3,22,1,269.99,0.1
250,1,17,2,429,0.05
250,2,11,2,1680.99,0.1
251,1,23,2,299.99,0.2
251,2,22,2,269.99,0.05
252,1,11,2,1680.99,0.1
252,2,4,1,2899.99,0.07
252,3,19,1,449,0.1
253,1,11,2,1680.99,0.07
254,1,6,2,469.99,0.07
254,2,3,1,999.99,0.05
254,3,12,1,549.99,0.05
255,1,5,2,1320.99,0.1
255,2,14,1,269.99,0.2
255,3,2,2,749.99,0.2
255,4,21,1,269.99,0.07
256,1,11,1,1680.99,0.1
256,2,21,1,269.99,0.05
257,1,8,2,1799.99,0.07
257,2,13,2,269.99,0.2
257,3,10,2,1549,0.1
257,4,15,1,529.99,0.1
258,1,8,2,1799.99,0.05
258,2,4,1,2899.99,0.07
258,3,19,1,449,0.07
258,4,18,1,449,0.05
259,1,26,1,599.99,0.05
259,2,6,2,469.99,0.1
259,3,2,2,749.99,0.2
259,4,4,1,2899.99,0.1
260,1,23,2,299.99,0.2
260,2,10,1,1549,0.2
260,3,24,2,549.99,0.2
261,1,16,2,599.99,0.05
261,2,14,1,269.99,0.1
261,3,17,2,429,0.1
262,1,2,1,749.99,0.07
262,2,9,2,2999.99,0.05
263,1,9,1,2999.99,0.07
263,2,3,1,999.99,0.2
263,3,2,2,749.99,0.05
264,1,10,1,1549,0.2
264,2,24,2,549.99,0.05
264,3,15,2,529.99,0.1
264,4,3,2,999.99,0.07
265,1,9,2,2999.99,0.2
266,1,6,2,469.99,0.07
266,2,19,1,449,0.2
266,3,25,1,499.99,0.05
267,1,22,2,269.99,0.2
267,2,23,2,299.99,0.1
267,3,24,1,549.99,0.1
267,4,7,2,3999.99,0.07
267,5,21,1,269.99,0.05
268,1,7,1,3999.99,0.05
268,2,6,2,469.99,0.2
268,3,9,1,2999.99,0.1
269,1,5,1,1320.99,0.07
269,2,23,2,299.99,0.07
269,3,18,1,449,0.05
269,4,3,1,999.99,0.05
270,1,25,2,499.99,0.2
270,2,15,1,529.99,0.1
271,1,11,2,1680.99,0.07
271,2,6,2,469.99,0.05
271,3,13,1,269.99,0.1
271,4,7,2,3999.99,0.1
272,1,2,2,749.99,0.07
272,2,11,1,1680.99,0.07
273,1,21,1,269.99,0.1
274,1,11,2,1680.99,0.05
274,2,25,2,499.99,0.1
274,3,9,2,2999.99,0.07
275,1,18,1,449,0.05
275,2,25,1,499.99,0.1
275,3,7,2,3999.99,0.05
276,1,3,2,999.99,0.2
276,2,17,1,429,0.05
276,3,9,2,2999.99,0.07
277,1,20,2,599.99,0.2
277,2,6,2,469.99,0.2
277,3,13,2,269.99,0.1
278,1,16,1,599.99,0.2
278,2,19,2,449,0.07
278,3,13,1,269.99,0.07
278,4,11,2,1680.99,0.07
279,1,25,1,499.99,0.07
280,1,25,1,499.99,0.07
280,2,26,2,599.99,0.07
280,3,13,1,269.99,0.07
281,1,22,1,269.99,0.07
281,2,14,2,269.99,0.1
281,3,7,2,3999.99,0.07
282,1,20,1,599.99,0.07
282,2,7,2,3999.99,0.07
282,3,3,2,999.99,0.05
282,4,16,2,599.99,0.07
283,1,9,1,2999.99,0.05
283,2,16,2,599.99,0.2
284,1,24,2,549.99,0.2
284,2,20,1,599.99,0.2
285,1,16,2,599.99,0.05
285,2,12,1,549.99,0.05
285,3,2,1,749.99,0.1
286,1,26,2,599.99,0.2
286,2,21,2,269.99,0.07
286,3,16,2,599.99,0.1
286,4,7,1,3999.99,0.1
287,1,5,1,1320.99,0.2
287,2,10,1,1549,0.05
287,3,2,1,749.99,0.05
287,4,20,1,599.99,0.05
288,1,4,1,2899.99,0.2
288,2,10,1,1549,0.1
288,3,7,2,3999.99,0.05
289,1,13,1,269.99,0.07
289,2,24,1,549.99,0.2
289,3,17,1,429,0.2
290,1,2,2,749.99,0.07
290,2,5,2,1320.99,0.07
290,3,21,1,269.99,0.1
291,1,6,2,469.99,0.05
291,2,21,2,269.99,0.07
292,1,18,2,449,0.1
292,2,4,1,2899.99,0.07
292,3,10,2,1549,0.05
293,1,19,2,449,0.05
293,2,6,1,469.99,0.2
294,1,18,1,449,0.2
294,2,14,1,269.99,0.2
294,3,7,2,3999.99,0.05
294,4,25,2,499.99,0.2
295,1,22,2,269.99,0.07
296,1,25,2,499.99,0.07
296,2,12,2,549.99,0.1
296,3,11,2,1680.99,0.1
296,4,9,1,2999.99,0.2
297,1,4,2,2899.99,0.2
298,1,23,1,299.99,0.2
298,2,6,2,469.99,0.05
298,3,22,1,269.99,0.2
298,4,9,1,2999.99,0.07
298,5,14,2,269.99,0.1
299,1,11,2,1680.99,0.05
299,2,10,2,1549,0.2
300,1,16,2,599.99,0.1
300,2,9,2,2999.99,0.1
300,3,10,1,1549,0.1
300,4,11,2,1680.99,0.2
301,1,6,1,469.99,0.05
301,2,22,1,269.99,0.1
302,1,24,2,549.99,0.2
302,2,18,2,449,0.07
302,3,2,2,749.99,0.2
303,1,8,2,1799.99,0.05
303,2,24,2,549.99,0.05
304,1,10,1,1549,0.05
304,2,7,2,3999.99,0.1
304,3,20,1,599.99,0.1
305,1,10,1,1549,0.07
305,2,6,1,469.99,0.1
305,3,3,2,999.99,0.2
306,1,10,1,1549,0.2
306,2,22,1,269.99,0.07
307,1,15,2,529.99,0.05
308,1,7,1,3999.99,0.1
308,2,18,2,449,0.2
308,3,14,1,269.99,0.2
309,1,3,1,999.99,0.05
309,2,12,1,549.99,0.05
310,1,7,2,3999.99,0.07
310,2,14,2,269.99,0.1
310,3,5,2,1320.99,0.2
310,4,8,1,1799.99,0.2
311,1,17,2,429,0.05
311,2,5,2,1320.99,0.2
312,1,24,2,549.99,0.05
312,2,14,2,269.99,0.07
312,3,16,2,599.99,0.05
313,1,4,1,2899.99,0.07
313,2,10,2,1549,0.07
314,1,5,1,1320.99,0.07
314,2,9,1,2999.99,0.05
314,3,22,2,269.99,0.2
314,4,7,2,3999.99,0.07
315,1,11,1,1680.99,0.2
315,2,9,1,2999.99,0.1
316,1,2,2,749.99,0.2
316,2,16,2,599.99,0.1
316,3,20,1,599.99,0.1
316,4,19,1,449,0.2
316,5,17,1,429,0.05
317,1,10,1,1549,0.2
317,2,22,1,269.99,0.05
317,3,15,1,529.99,0.05
317,4,13,2,269.99,0.2
318,1,13,2,269.99,0.1
318,2,25,2,499.99,0.2
318,3,9,1,2999.99,0.05
319,1,11,1,1680.99,0.07
319,2,21,1,269.99,0.2
319,3,15,2,529.99,0.1
319,4,23,1,299.99,0.05
320,1,2,1,749.99,0.1
321,1,4,2,2899.99,0.2
321,2,12,2,549.99,0.2
321,3,26,1,599.99,0.2
321,4,23,2,299.99,0.2
322,1,13,2,269.99,0.2
322,2,21,1,269.99,0.07
323,1,13,2,269.99,0.07
323,2,26,2,599.99,0.1
324,1,2,2,749.99,0.1
324,2,17,1,429,0.2
324,3,22,2,269.99,0.2
324,4,19,1,449,0.05
324,5,12,1,549.99,0.05
325,1,7,1,3999.99,0.05
325,2,12,1,549.99,0.2
325,3,6,2,469.99,0.2
326,1,12,1,549.99,0.1
326,2,23,1,299.99,0.07
327,1,12,2,549.99,0.07
327,2,13,1,269.99,0.07
327,3,4,1,2899.99,0.05
328,1,6,2,469.99,0.1
329,1,14,2,269.99,0.07
329,2,8,2,1799.99,0.05
329,3,23,1,299.99,0.2
329,4,17,1,429,0.07
329,5,26,2,599.99,0.05
330,1,21,2,269.99,0.05
331,1,17,2,429,0.1
332,1,18,2,449,0.05
333,1,18,2,449,0.07
333,2,8,2,1799.99,0.05
333,3,3,1,999.99,0.2
334,1,16,2,599.99,0.2
334,2,9,1,2999.99,0.05
334,3,3,2,999.99,0.05
335,1,6,1,469.99,0.1
335,2,2,2,749.99,0.1
335,3,21,1,269.99,0.07
336,1,4,1,2899.99,0.1
336,2,12,1,549.99,0.2
337,1,18,1,449,0.05
337,2,4,1,2899.99,0.05
338,1,6,2,469.99,0.07
338,2,10,1,1549,0.07
338,3,22,1,269.99,0.1
338,4,11,2,1680.99,0.07
338,5,9,1,2999.99,0.05
339,1,13,1,269.99,0.1
339,2,15,2,529.99,0.05
340,1,11,1,1680.99,0.05
340,2,24,1,549.99,0.05
340,3,13,2,269.99,0.1
340,4,12,2,549.99,0.07
340,5,10,2,1549,0.1
341,1,23,2,299.99,0.05
342,1,26,1,599.99,0.07
342,2,9,1,2999.99,0.2
342,3,16,2,599.99,0.1
343,1,20,2,599.99,0.2
343,2,25,1,499.99,0.05
343,3,5,2,1320.99,0.05
343,4,10,1,1549,0.1
344,1,22,1,269.99,0.05
344,2,18,2,449,0.07
344,3,14,1,269.99,0.2
345,1,18,2,449,0.1
345,2,24,2,549.99,0.07
346,1,13,1,269.99,0.07
346,2,23,1,299.99,0.2
346,3,21,1,269.99,0.1
346,4,15,1,529.99,0.05
346,5,18,2,449,0.05
347,1,23,1,299.99,0.07
348,1,5,2,1320.99,0.05
348,2,15,2,529.99,0.07
349,1,20,2,599.99,0.2
350,1,6,2,469.99,0.05
350,2,20,1,599.99,0.07
350,3,3,1,999.99,0.07
351,1,4,2,2899.99,0.05
351,2,24,2,549.99,0.1
351,3,20,1,599.99,0.2
351,4,22,2,269.99,0.07
352,1,11,1,1680.99,0.2
352,2,14,1,269.99,0.2
353,1,2,2,749.99,0.2
354,1,21,1,269.99,0.2
354,2,19,1,449,0.05
355,1,16,1,599.99,0.1
355,2,14,2,269.99,0.07
356,1,23,2,299.99,0.05
356,2,4,1,2899.99,0.05
356,3,13,1,269.99,0.05
357,1,17,2,429,0.05
357,2,21,2,269.99,0.07
357,3,24,1,549.99,0.07
357,4,9,1,2999.99,0.05
358,1,21,2,269.99,0.1
358,2,6,2,469.99,0.07
358,3,8,2,1799.99,0.05
358,4,18,2,449,0.1
359,1,15,2,529.99,0.07
359,2,9,2,2999.99,0.07
359,3,7,2,3999.99,0.2
360,1,26,1,599.99,0.05
360,2,7,2,3999.99,0.2
360,3,13,2,269.99,0.05
360,4,25,1,499.99,0.1
361,1,24,2,549.99,0.05
361,2,6,2,469.99,0.1
361,3,11,1,1680.99,0.1
362,1,2,1,749.99,0.07
363,1,21,2,269.99,0.1
363,2,14,1,269.99,0.07
363,3,15,1,529.99,0.1
363,4,20,1,599.99,0.2
364,1,25,2,499.99,0.05
365,1,24,2,549.99,0.07
366,1,21,1,269.99,0.1
366,2,4,1,2899.99,0.07
366,3,16,2,599.99,0.2
367,1,26,2,599.99,0.1
367,2,14,1,269.99,0.05
367,3,10,2,1549,0.05
368,1,5,1,1320.99,0.2
368,2,10,2,1549,0.2
368,3,21,2,269.99,0.1
368,4,19,1,449,0.05
369,1,10,2,1549,0.07
370,1,25,2,499.99,0.05
370,2,4,2,2899.99,0.1
371,1,14,1,269.99,0.2
371,2,12,1,549.99,0.2
372,1,11,1,1680.99,0.05
372,2,14,2,269.99,0.1
372,3,5,1,1320.99,0.1
373,1,8,2,1799.99,0.05
373,2,22,1,269.99,0.1
373,3,19,2,449,0.2
373,4,12,1,549.99,0.1
373,5,13,1,269.99,0.1
374,1,10,1,1549,0.1
374,2,7,1,3999.99,0.07
375,1,21,2,269.99,0.05
375,2,2,2,749.99,0.05
375,3,4,2,2899.99,0.07
375,4,12,2,549.99,0.05
376,1,2,2,749.99,0.07
376,2,23,2,299.99,0.1
377,1,8,1,1799.99,0.05
377,2,14,1,269.99,0.07
378,1,26,2,599.99,0.05
379,1,9,1,2999.99,0.07
379,2,16,1,599.99,0.2
380,1,16,1,599.99,0.05
380,2,11,2,1680.99,0.05
381,1,21,2,269.99,0.07
382,1,8,1,1799.99,0.1
382,2,9,1,2999.99,0.1
382,3,13,1,269.99,0.07
383,1,19,1,449,0.07
383,2,22,2,269.99,0.05
383,3,13,1,269.99,0.1
383,4,21,2,269.99,0.05
383,5,14,1,269.99,0.1
384,1,20,1,599.99,0.1
384,2,21,2,269.99,0.2
384,3,8,1,1799.99,0.05
384,4,15,1,529.99,0.1
384,5,4,1,2899.99,0.2
385,1,21,1,269.99,0.07
385,2,7,2,3999.99,0.2
385,3,26,2,599.99,0.05
386,1,8,1,1799.99,0.2
386,2,3,2,999.99,0.05
386,3,16,2,599.99,0.2
387,1,18,1,449,0.2
388,1,19,2,449,0.2
388,2,13,2,269.99,0.07
388,3,2,1,749.99,0.07
388,4,11,1,1680.99,0.1
389,1,2,1,749.99,0.07
389,2,15,2,529.99,0.07
389,3,10,2,1549,0.05
389,4,5,1,1320.99,0.05
389,5,9,1,2999.99,0.2
390,1,23,1,299.99,0.05
390,2,7,2,3999.99,0.07
390,3,9,1,2999.99,0.05
391,1,8,1,1799.99,0.07
391,2,5,2,1320.99,0.2
391,3,24,2,549.99,0.07
392,1,14,2,269.99,0.1
392,2,3,2,999.99,0.05
393,1,6,2,469.99,0.2
394,1,23,1,299.99,0.05
394,2,16,1,599.99,0.2
394,3,14,2,269.99,0.2
395,1,14,1,269.99,0.05
396,1,12,1,549.99,0.1
396,2,25,2,499.99,0.05
396,3,5,1,1320.99,0.2
397,1,7,1,3999.99,0.05
398,1,8,2,1799.99,0.05
398,2,18,2,449,0.05
398,3,25,1,499.99,0.2
398,4,17,1,429,0.05
399,1,25,1,499.99,0.05
399,2,11,2,1680.99,0.05
399,3,14,1,269.99,0.1
400,1,24,2,549.99,0.07
400,2,9,1,2999.99,0.2
400,3,3,2,999.99,0.2
401,1,23,1,299.99,0.2
401,2,10,2,1549,0.2
402,1,6,2,469.99,0.07
402,2,5,1,1320.99,0.07
402,3,26,1,599.99,0.05
403,1,12,2,549.99,0.1
403,2,7,2,3999.99,0.2
403,3,22,2,269.99,0.05
403,4,24,1,549.99,0.2
404,1,9,1,2999.99,0.07
404,2,25,2,499.99,0.05
404,3,16,2,599.99,0.2
405,1,3,2,999.99,0.2
405,2,10,2,1549,0.1
405,3,14,2,269.99,0.07
406,1,4,1,2899.99,0.2
407,1,20,1,599.99,0.2
407,2,5,1,1320.99,0.05
408,1,18,1,449,0.2
408,2,3,1,999.99,0.07
408,3,2,2,749.99,0.07
408,4,17,2,429,0.2
409,1,15,1,529.99,0.07
409,2,16,2,599.99,0.2
409,3,21,1,269.99,0.05
410,1,25,1,499.99,0.1
410,2,9,2,2999.99,0.05
410,3,24,2,549.99,0.1
411,1,2,1,749.99,0.07
411,2,26,2,599.99,0.05
412,1,7,1,3999.99,0.1
412,2,24,1,549.99,0.07
412,3,17,1,429,0.1
413,1,8,2,1799.99,0.05
413,2,25,1,499.99,0.1
413,3,9,1,2999.99,0.07
414,1,4,2,2899.99,0.1
415,1,3,1,999.99,0.07
415,2,23,2,299.99,0.2
415,3,5,1,1320.99,0.2
415,4,6,2,469.99,0.05
416,1,22,1,269.99,0.07
416,2,14,1,269.99,0.07
416,3,24,1,549.99,0.1
417,1,26,2,599.99,0.07
417,2,6,2,469.99,0.07
418,1,12,1,549.99,0.05
418,2,20,1,599.99,0.05
419,1,9,1,2999.99,0.05
420,1,17,2,429,0.2
420,2,15,2,529.99,0.1
420,3,3,2,999.99,0.05
421,1,6,2,469.99,0.07
421,2,3,2,999.99,0.2
421,3,20,2,599.99,0.2
421,4,4,1,2899.99,0.07
421,5,23,2,299.99,0.2
422,1,20,2,599.99,0.05
423,1,8,2,1799.99,0.05
423,2,17,1,429,0.2
423,3,23,2,299.99,0.07
423,4,2,1,749.99,0.2
424,1,22,1,269.99,0.1
424,2,6,1,469.99,0.05
425,1,6,1,469.99,0.1
425,2,21,2,269.99,0.07
425,3,19,1,449,0.05
426,1,10,1,1549,0.1
426,2,23,2,299.99,0.05
427,1,12,2,549.99,0.07
427,2,15,2,529.99,0.1
427,3,26,2,599.99,0.07
428,1,5,2,1320.99,0.2
428,2,14,1,269.99,0.2
429,1,11,1,1680.99,0.2
429,2,4,2,2899.99,0.1
429,3,5,2,1320.99,0.05
429,4,6,1,469.99,0.07
429,5,2,1,749.99,0.1
430,1,22,2,269.99,0.1
430,2,11,1,1680.99,0.07
430,3,4,2,2899.99,0.2
430,4,13,2,269.99,0.2
430,5,8,1,1799.99,0.2
431,1,14,2,269.99,0.2
431,2,6,1,469.99,0.1
431,3,18,1,449,0.2
431,4,13,2,269.99,0.07
431,5,19,1,449,0.07
432,1,10,2,1549,0.2
432,2,7,2,3999.99,0.05
433,1,6,1,469.99,0.1
433,2,10,1,1549,0.2
433,3,24,1,549.99,0.1
433,4,4,1,2899.99,0.2
434,1,21,1,269.99,0.05
434,2,20,1,599.99,0.1
434,3,9,1,2999.99,0.2
434,4,11,2,1680.99,0.07
434,5,18,2,449,0.05
435,1,22,1,269.99,0.05
435,2,9,1,2999.99,0.05
435,3,18,1,449,0.05
436,1,3,1,999.99,0.05
436,2,23,1,299.99,0.2
437,1,3,1,999.99,0.05
437,2,10,1,1549,0.05
437,3,8,2,1799.99,0.05
438,1,4,1,2899.99,0.07
438,2,22,1,269.99,0.1
438,3,8,2,1799.99,0.05
438,4,13,2,269.99,0.05
439,1,6,2,469.99,0.07
439,2,7,2,3999.99,0.05
440,1,19,2,449,0.07
440,2,4,2,2899.99,0.07
441,1,12,1,549.99,0.07
441,2,15,1,529.99,0.1
442,1,16,2,599.99,0.07
442,2,26,2,599.99,0.2
442,3,6,2,469.99,0.2
443,1,5,1,1320.99,0.05
443,2,26,1,599.99,0.2
444,1,22,1,269.99,0.07
444,2,15,2,529.99,0.07
444,3,20,2,599.99,0.05
444,4,16,1,599.99,0.1
444,5,10,2,1549,0.2
445,1,7,1,3999.99,0.2
445,2,16,1,599.99,0.07
445,3,23,1,299.99,0.2
446,1,22,1,269.99,0.2
446,2,16,2,599.99,0.07
447,1,4,2,2899.99,0.05
447,2,3,1,999.99,0.1
447,3,8,1,1799.99,0.07
448,1,13,2,269.99,0.05
448,2,6,2,469.99,0.05
449,1,17,2,429,0.05
449,2,2,1,749.99,0.05
449,3,7,2,3999.99,0.07
449,4,26,2,599.99,0.2
450,1,24,1,549.99,0.05
450,2,12,1,549.99,0.07
450,3,5,1,1320.99,0.1
451,1,14,2,269.99,0.05
452,1,11,1,1680.99,0.05
452,2,16,1,599.99,0.05
452,3,7,2,3999.99,0.1
452,4,8,1,1799.99,0.1
453,1,23,1,299.99,0.05
453,2,20,2,599.99,0.2
453,3,4,1,2899.99,0.2
454,1,25,2,499.99,0.07
454,2,13,2,269.99,0.05
454,3,24,2,549.99,0.1
455,1,9,1,2999.99,0.05
456,1,17,2,429,0.07
456,2,23,1,299.99,0.07
457,1,24,2,549.99,0.07
457,2,2,1,749.99,0.05
457,3,7,2,3999.99,0.1
457,4,17,1,429,0.2
458,1,2,1,749.99,0.2
458,2,21,2,269.99,0.07
458,3,11,1,1680.99,0.1
458,4,24,1,549.99,0.2
458,5,3,2,999.99,0.2
459,1,11,1,1680.99,0.2
460,1,19,1,449,0.05
460,2,18,2,449,0.07
460,3,4,1,2899.99,0.2
460,4,22,2,269.99,0.1
461,1,16,1,599.99,0.07
461,2,4,1,2899.99,0.2
461,3,8,2,1799.99,0.05
461,4,24,1,549.99,0.1
461,5,18,2,449,0.1
462,1,12,2,549.99,0.1
463,1,13,2,269.99,0.07
464,1,7,1,3999.99,0.1
465,1,6,2,469.99,0.1
465,2,25,2,499.99,0.1
466,1,19,2,449,0.2
466,2,6,1,469.99,0.2
466,3,7,2,3999.99,0.05
466,4,15,1,529.99,0.1
466,5,5,1,1320.99,0.1
467,1,19,1,449,0.07
467,2,10,1,1549,0.07
467,3,22,2,269.99,0.1
467,4,17,2,429,0.07
467,5,11,1,1680.99,0.1
468,1,19,1,449,0.1
468,2,9,2,2999.99,0.05
468,3,10,2,1549,0.05
468,4,25,1,499.99,0.1
469,1,8,2,1799.99,0.1
469,2,4,1,2899.99,0.07
469,3,15,2,529.99,0.2
470,1,18,1,449,0.05
470,2,13,1,269.99,0.05
470,3,8,2,1799.99,0.2
471,1,14,1,269.99,0.2
471,2,13,2,269.99,0.05
472,1,15,1,529.99,0.1
472,2,21,2,269.99,0.1
473,1,26,1,599.99,0.07
474,1,19,2,449,0.05
474,2,11,1,1680.99,0.2
475,1,17,2,429,0.07
475,2,26,2,599.99,0.2
475,3,25,1,499.99,0.2
476,1,22,2,269.99,0.07
476,2,4,2,2899.99,0.2
476,3,11,2,1680.99,0.07
476,4,20,2,599.99,0.05
477,1,6,1,469.99,0.1
477,2,10,1,1549,0.05
478,1,21,2,269.99,0.07
479,1,26,1,599.99,0.07
479,2,12,1,549.99,0.05
479,3,21,1,269.99,0.2
479,4,7,1,3999.99,0.05
479,5,10,1,1549,0.2
480,1,4,1,2899.99,0.05
480,2,15,1,529.99,0.05
480,3,23,2,299.99,0.07
481,1,13,2,269.99,0.2
481,2,16,2,599.99,0.07
481,3,9,2,2999.99,0.1
482,1,13,1,269.99,0.2
482,2,14,1,269.99,0.1
483,1,17,1,429,0.07
484,1,8,2,1799.99,0.1
484,2,24,1,549.99,0.05
484,3,9,2,2999.99,0.05
484,4,6,1,469.99,0.2
485,1,13,1,269.99,0.1
485,2,26,2,599.99,0.05
486,1,9,1,2999.99,0.07
486,2,23,2,299.99,0.05
487,1,6,1,469.99,0.2
488,1,13,2,269.99,0.07
488,2,23,2,299.99,0.05
488,3,22,1,269.99,0.05
489,1,8,2,1799.99,0.1
490,1,12,1,549.99,0.1
490,2,23,1,299.99,0.05
490,3,14,1,269.99,0.1
490,4,13,2,269.99,0.07
491,1,9,2,2999.99,0.2
491,2,21,2,269.99,0.05
491,3,15,2,529.99,0.05
492,1,6,1,469.99,0.1
492,2,22,2,269.99,0.1
492,3,26,1,599.99,0.05
493,1,15,1,529.99,0.05
493,2,18,2,449,0.05
493,3,26,1,599.99,0.05
494,1,23,1,299.99,0.1
495,1,22,1,269.99,0.2
495,2,9,1,2999.99,0.05
496,1,23,1,299.99,0.2
496,2,13,1,269.99,0.1
496,3,21,2,269.99,0.2
497,1,25,2,499.99,0.07
498,1,24,1,549.99,0.07
498,2,21,1,269.99,0.1
498,3,10,1,1549,0.07
499,1,11,1,1680.99,0.2
499,2,15,1,529.99,0.07
499,3,14,2,269.99,0.2
499,4,20,2,599.99,0.1
500,1,12,2,549.99,0.05
500,2,14,1,269.99,0.2
